id,title,date,type,location,metadata
1,Feira do Artesanato Tremembeense (FEIRARTTRE),2024-01-15,Artístico/Cultural/Folclórico,Tremembé/SP,"width=device-width, initial-scale=1"
2,Feira Livre de Bicas,2024-02-03,Gastronômico,Bicas/MG,"width=device-width, initial-scale=1"
3,Segundona do Turista 2024,2024-03-18,Artístico/Cultural/Folclórico,Aracaju/SE,"width=device-width, initial-scale=1"
4,EVENTO DAS QUATRO ESTAÇÕES,2024-05-04,Artístico/Cultural/Folclórico,Cachoeiras de Macacu/RJ,"width=device-width, initial-scale=1"
5,TRADICIONAL FESTA DE REINADO,2024-05-05,Religioso,Santo Antônio do Monte/MG,"width=device-width, initial-scale=1"
6,Tricofest,2024-05-10,Moda,Nova Petrópolis/RS,"width=device-width, initial-scale=1"
7,Exposição Multissensorial: 'Blow Up',2024-05-10,Artístico/Cultural/Folclórico,Belo Horizonte/MG,"width=device-width, initial-scale=1"
8,Gincana de charretes,2024-05-12,Rural,Holambra/SP,"width=device-width, initial-scale=1"
9,Festa Junina Beneficente de Votorantim,2024-05-29,Junino,Votorantim/SP,"width=device-width, initial-scale=1"
10,São João de Campina Grande,2024-05-29,Junino,Campina Grande/PB,"width=device-width, initial-scale=1"
11,GUAXUPÉ CAFÉ FESTIVAL,2024-05-30,Artístico/Cultural/Folclórico,Guaxupé/MG,"width=device-width, initial-scale=1"
12,Festejos Santo Antonio Tanquinho,2024-06-01,Junino,Lençóis/BA,"width=device-width, initial-scale=1"
13,Vila Junina,2024-06-01,Artístico/Cultural/Folclórico,Praia Grande/SP,"width=device-width, initial-scale=1"
14,Arraiá do Povo 2024,2024-06-01,Junino,Aracaju/SE,"width=device-width, initial-scale=1"
15,Festa do Vaqueiro de Morada Nova,2024-06-02,Artístico/Cultural/Folclórico,Morada Nova/CE,"width=device-width, initial-scale=1"
16,Festa de Santo Antônio,2024-06-04,Religioso,Nhamundá/AM,"width=device-width, initial-scale=1"
17,20ª Feira do Livro de Joinville,2024-06-06,Artístico/Cultural/Folclórico,Joinville/SC,"width=device-width, initial-scale=1"
18,EXPOTCHÊ,2024-06-07,Artístico/Cultural/Folclórico,Brasília/DF,"width=device-width, initial-scale=1"
19,CIRCUITO JUNINO,2024-06-08,Junino,São João da Barra/RJ,"width=device-width, initial-scale=1"
20,Cidade Junina,2024-06-08,Artístico/Cultural/Folclórico,Belo Horizonte/MG,"width=device-width, initial-scale=1"
21,Micareta Alto Folia,2024-06-08,Artístico/Cultural/Folclórico,Alto Santo/CE,"width=device-width, initial-scale=1"
22,FEIPET 2024,2024-06-09,Comercial ou Promocional,Novo Hamburgo/RS,"width=device-width, initial-scale=1"
23,São João da Vitória de Pé de Serra,2024-06-10,Junino,Vitória de Santo Antão/PE,"width=device-width, initial-scale=1"
24,Festividades Juninas,2024-06-10,Junino,Marechal Deodoro/AL,"width=device-width, initial-scale=1"
25,EMANCIPAÇÃO POLÍTICA DO MUNICÍPIO,2024-06-11,Social/Cívico/Histórico,Japaratuba/SE,"width=device-width, initial-scale=1"
26,CAVALGADA DE BIELÂNDIA - FILADÉLFIA,2024-06-11,Artístico/Cultural/Folclórico,Filadélfia/TO,"width=device-width, initial-scale=1"
27,Megaleite - Exposição Brasileira do Agronegócio do Leite,2024-06-11,Comercial ou Promocional,Belo Horizonte/MG,"width=device-width, initial-scale=1"
28,São João de Santa Rita,2024-06-12,Junino,Santa Rita/PB,"width=device-width, initial-scale=1"
29,40ª Feistock - Feira de Móveis e Decoração,2024-06-13,Comercial ou Promocional,São Bento do Sul/SC,"width=device-width, initial-scale=1"
30,Festival do Queijo Artesanal de Minas,2024-06-13,Gastronômico,Belo Horizonte/MG,"width=device-width, initial-scale=1"
31,Festa de Santo Antônio de Tanquinho,2024-06-13,Artístico/Cultural/Folclórico,Lençóis/BA,"width=device-width, initial-scale=1"
32,CHOCOLAT XINGU - FESTIVAL INTERNACIONAL DO CHOCOLATE E CACAU DA TRANSA...,2024-06-13,Outro,Altamira/PA,"width=device-width, initial-scale=1"
33,Forronovos,2024-06-13,Artístico/Cultural/Folclórico,Currais Novos/RN,"width=device-width, initial-scale=1"
34,Festa de Santo Antônio e Seus Amigos,2024-06-13,Artístico/Cultural/Folclórico,Santo Antônio do Pinhal/SP,"width=device-width, initial-scale=1"
35,Festa Junina da Escola Estadual Dinalva Maria de Souza,2024-06-13,Junino,Pingo-D'Água/MG,"width=device-width, initial-scale=1"
36,FESTA JUNINA 2024,2024-06-14,Junino,Pirajuba/MG,"width=device-width, initial-scale=1"
37,ENCONTRO NACIONAL DE CARROS ANTIGOS,2024-06-14,Artístico/Cultural/Folclórico,Jataí/GO,"width=device-width, initial-scale=1"
38,FESTA DE SÃO JOÃO DE MACHACALIS,2024-06-14,Junino,Machacalis/MG,"width=device-width, initial-scale=1"
39,São Roque Fest 2024,2024-06-14,Artístico/Cultural/Folclórico,São Roque/SP,"width=device-width, initial-scale=1"
40,Festa de São João Batista,2024-06-14,Religioso,Laranjal Paulista/SP,"width=device-width, initial-scale=1"
41,São João da Tradição,2024-06-14,Junino,São Cristóvão/SE,"width=device-width, initial-scale=1"
42,Aniversário do Distrito de Pirituba,2024-06-15,Artístico/Cultural/Folclórico,Vitória de Santo Antão/PE,"width=device-width, initial-scale=1"
43,FEIRA TURÍSTICA E CULTURAL DA MASSAMBABA,2024-06-15,Outro,Arraial do Cabo/RJ,"width=device-width, initial-scale=1"
44,II FESTIVAL JUNINO DO RESTAURANTE NAZARIA,2024-06-15,Junino,Nazária/PI,"width=device-width, initial-scale=1"
45,Festa de Aniversário da Cidade,2024-06-15,Artístico/Cultural/Folclórico,Salto/SP,"width=device-width, initial-scale=1"
46,ANARRIÊ BÚZIOS,2024-06-15,Artístico/Cultural/Folclórico,Armação dos Búzios/RJ,"width=device-width, initial-scale=1"
47,Festival de Inverno - Serra Negra In Concert,2024-06-15,Artístico/Cultural/Folclórico,Serra Negra/SP,"width=device-width, initial-scale=1"
48,Corrida de São João,2024-06-16,Esportivo,Votorantim/SP,"width=device-width, initial-scale=1"
49,Cavalgada Tanquinho X Lençóis,2024-06-16,Junino,Lençóis/BA,"width=device-width, initial-scale=1"
50,São João de Lençóis,2024-06-17,Junino,Lençóis/BA,"width=device-width, initial-scale=1"
51,Modernos Eternos,2024-06-18,Artístico/Cultural/Folclórico,Belo Horizonte/MG,"width=device-width, initial-scale=1"
52,Hortitec,2024-06-19,Outro,Holambra/SP,"width=device-width, initial-scale=1"
53,FEIRA LITÉRARIA DE ARAXÁ-FLIARAXÁ,2024-06-19,Artístico/Cultural/Folclórico,Araxá/MG,"width=device-width, initial-scale=1"
54,XVI Encontro Nacional de Ferramentarias – ENAFER 2024,2024-06-20,Científico ou Técnico,Joinville/SC,"width=device-width, initial-scale=1"
55,28° Forró Ananindeua,2024-06-20,Artístico/Cultural/Folclórico,Ananindeua/PA,"width=device-width, initial-scale=1"
56,São João de João Pessoa,2024-06-20,Junino,João Pessoa/PB,"width=device-width, initial-scale=1"
57,SÃO JOÃO DE CUITÉ,2024-06-20,Junino,Cuité/PB,"width=device-width, initial-scale=1"
58,FESTIVAL DE BOI EM MINIATURA.,2024-06-21,Artístico/Cultural/Folclórico,Parintins/AM,"width=device-width, initial-scale=1"
59,BLUES NAS RUAS,2024-06-21,Artístico/Cultural/Folclórico,Armação dos Búzios/RJ,"width=device-width, initial-scale=1"
60,"FESTIVAL DE QUADRILHAS, DANÇAS E BOIS MIRINS.",2024-06-21,Artístico/Cultural/Folclórico,Parintins/AM,"width=device-width, initial-scale=1"
61,Action Way Cup,2024-06-21,Esportivo,Brotas/SP,"width=device-width, initial-scale=1"
62,Arraiá do Juca: O destino da Alegria,2024-06-21,Junino,Pojuca/BA,"width=device-width, initial-scale=1"
63,"SÃO JOÃO ""SANJU UNARRIÊ",2024-06-21,Junino,Valença/BA,"width=device-width, initial-scale=1"
64,São João de Ipirá - Arraiá do Camisão,2024-06-21,Junino,Ipirá/BA,"width=device-width, initial-scale=1"
65,São João da Tradição,2024-06-21,Artístico/Cultural/Folclórico,Mucugê/BA,"width=device-width, initial-scale=1"
66,São João do Montenegro,2024-06-21,Junino,Montenegro/RS,"width=device-width, initial-scale=1"
67,O Maior Pé de Serra da Chapada Diamantina,2024-06-21,Junino,Andaraí/BA,"width=device-width, initial-scale=1"
68,São João do Montenegro,2024-06-21,Artístico/Cultural/Folclórico,Montenegro/RS,"width=device-width, initial-scale=1"
69,Arraial Zeca Teixeira 2024,2024-06-21,Junino,Grajaú/MA,"width=device-width, initial-scale=1"
70,WTR - World Trail Races (Corridas Mundiais de Trilha),2024-06-22,Esportivo,Arraial do Cabo/RJ,"width=device-width, initial-scale=1"
71,2° Torneio de Pesca Esportiva do Tucunaré,2024-06-22,Esportivo,Ananindeua/PA,"width=device-width, initial-scale=1"
72,Banho de São João de Ladário MS,2024-06-22,Junino,Ladário/MS,"width=device-width, initial-scale=1"
73,28ª Edição do Forró Alegre,2024-06-22,Junino,Monte Alegre de Sergipe/SE,"width=device-width, initial-scale=1"
74,São João 2024 de Salgadinho,2024-06-22,Junino,Salgadinho/PE,"width=device-width, initial-scale=1"
75,35ª Feira de Inverno,2024-06-22,Comercial ou Promocional,Flores da Cunha/RS,"width=device-width, initial-scale=1"
76,Aniversário da cidade,2024-06-23,Outro,Pium/TO,"width=device-width, initial-scale=1"
77,Feira Profissional de Beleza – Professional Fair,2024-06-23,Moda,Belo Horizonte/MG,"width=device-width, initial-scale=1"
78,Estética e Micro - Feira e Congresso,2024-06-23,Comercial ou Promocional,Belo Horizonte/MG,"width=device-width, initial-scale=1"
79,Estética e Micro - Feira e Congresso,2024-06-23,Comercial ou Promocional,Belo Horizonte/MG,"width=device-width, initial-scale=1"
80,Forró Caju 2024,2024-06-23,Junino,Aracaju/SE,"width=device-width, initial-scale=1"
81,Feira de Turismo do Brasil,2024-06-25,Outro,Teresina/PI,"width=device-width, initial-scale=1"
82,I Fórum de Geoparques,2024-06-25,Científico ou Técnico,Currais Novos/RN,"width=device-width, initial-scale=1"
83,Disney on Ice,2024-06-26,Artístico/Cultural/Folclórico,Belo Horizonte/MG,"width=device-width, initial-scale=1"
84,FESTA DE SÃO PEDRO,2024-06-26,Religioso,Valença/BA,"width=device-width, initial-scale=1"
85,Festa dos visitantes,2024-06-27,Artístico/Cultural/Folclórico,Parintins/AM,"width=device-width, initial-scale=1"
86,EXPOSIÇÃO AGROPECUÁRIA DE PAPUCAIA,2024-06-27,Rural,Cachoeiras de Macacu/RJ,"width=device-width, initial-scale=1"
87,ExpoQueijo Brasil 2024 – Araxá International Cheese Awards,2024-06-27,Gastronômico,Araxá/MG,"width=device-width, initial-scale=1"
88,36ª Cerejeiras Festival,2024-06-27,Artístico/Cultural/Folclórico,Garça/SP,"width=device-width, initial-scale=1"
89,ARRAIÁ DO POVO,2024-06-27,Artístico/Cultural/Folclórico,Macapá/AP,"width=device-width, initial-scale=1"
90,ARRAIA NO PARAISO,2024-06-28,Junino,Paraíso do Tocantins/TO,"width=device-width, initial-scale=1"
91,4º Arraiá de Córrego Fundo,2024-06-28,Junino,Córrego Fundo/MG,"width=device-width, initial-scale=1"
92,Festa do São Pedro Apóstolo (Padroeiro da Cidade),2024-06-28,Religioso,Praia Grande/SP,"width=device-width, initial-scale=1"
93,Torneio Internacional de Pesca ao Tucunaré,2024-06-28,Esportivo,São Miguel do Iguaçu/PR,"width=device-width, initial-scale=1"
94,3º FESTIVAL VIANENSE DE ARRAIÁS,2024-06-28,Artístico/Cultural/Folclórico,Viana/ES,"width=device-width, initial-scale=1"
95,"2º Encontro de Motociclistas e de Carros Antigos de Cristais, Minas G...",2024-06-28,Artístico/Cultural/Folclórico,Cristais/MG,"width=device-width, initial-scale=1"
96,XX Festejo Várzea Alegre Junina,2024-06-28,Junino,Várzea Alegre/CE,"width=device-width, initial-scale=1"
97,SÃO PEDRO NA SERRA,2024-06-28,Junino,Muritiba/BA,"width=device-width, initial-scale=1"
98,Festival Junino 2024,2024-06-28,Junino,Paragominas/PA,"width=device-width, initial-scale=1"
99,Feira de Artesanato,2024-06-28,Artístico/Cultural/Folclórico,Parintins/AM,"width=device-width, initial-scale=1"
100,FESTIVAL FOLCLÓRICO DE PARINTINS,2024-06-28,Artístico/Cultural/Folclórico,Parintins/AM,"width=device-width, initial-scale=1"
101,Romaria do Divino Pai Eterno,2024-06-28,Religioso,Trindade/GO,"width=device-width, initial-scale=1"
102,Expo Itaguaí,2024-06-28,Outro,Itaguaí/RJ,"width=device-width, initial-scale=1"
103,Festa Nacional da Tainha,2024-06-28,Gastronômico,Paranaguá/PR,"width=device-width, initial-scale=1"
104,Festival Sabores da Colônia,2024-06-28,Gastronômico,Nova Petrópolis/RS,"width=device-width, initial-scale=1"
105,8º Festival de Inverno Guararema,2024-06-28,Artístico/Cultural/Folclórico,Guararema/SP,"width=device-width, initial-scale=1"
106,Festiqueijo,2024-06-28,Gastronômico,Carlos Barbosa/RS,"width=device-width, initial-scale=1"
107,Feira Feito em Barbosa,2024-06-28,Comercial ou Promocional,Carlos Barbosa/RS,"width=device-width, initial-scale=1"
108,FESTA JUNINA,2024-06-29,Junino,Caroebe/RR,"width=device-width, initial-scale=1"
109,Festa do Milho,2024-06-29,Rural,Lajes/RN,"width=device-width, initial-scale=1"
110,Juninão de Ibirá,2024-06-29,Junino,Ibirá/SP,"width=device-width, initial-scale=1"
111,Festa de São Pedro Padroeiro,2024-06-29,Religioso,São Pedro da Aldeia/RJ,"width=device-width, initial-scale=1"
112,FESTA DOS PESCADORES,2024-06-29,Religioso,Armação dos Búzios/RJ,"width=device-width, initial-scale=1"
113,São Pedro na Estiva,2024-06-29,Rural,Lençóis/BA,"width=device-width, initial-scale=1"
114,Festival de Gastronomia Caiçara,2024-06-30,Gastronômico,Pontal do Paraná/PR,"width=device-width, initial-scale=1"
115,III São Nicolau Bike,2024-06-30,Ecoturismo,Santa Cruz dos Milagres/PI,"width=device-width, initial-scale=1"
116,Festival de Gastronomia Caiçara,2024-07-01,Gastronômico,Pontal do Paraná/PR,"width=device-width, initial-scale=1"
117,Festa do Peão de Boiadeiro,2024-07-02,Social/Cívico/Histórico,Salto de Pirapora/SP,"width=device-width, initial-scale=1"
118,16º Transcatarina,2024-07-03,Esportivo,Fraiburgo/SC,"width=device-width, initial-scale=1"
119,Expo Turismo Goiás,2024-07-04,Artístico/Cultural/Folclórico,Goiânia/GO,"width=device-width, initial-scale=1"
120,São João de Caucaia 2024,2024-07-04,Junino,Caucaia/CE,"width=device-width, initial-scale=1"
121,PIAUI RALLY CUP 2024,2024-07-04,Esportivo,Luís Correia/PI,"width=device-width, initial-scale=1"
122,Mantiqueira Fest,2024-07-04,Gastronômico,Poços de Caldas/MG,"width=device-width, initial-scale=1"
123,33ª Expocachaça e 17ª Brasilbier,2024-07-04,Gastronômico,Belo Horizonte/MG,"width=device-width, initial-scale=1"
124,Guarapuava Gastronômica,2024-07-04,Gastronômico,Guarapuava/PR,"width=device-width, initial-scale=1"
125,"Temporada de Inverno, Feirart e Festa da Orquídea",2024-07-04,Artístico/Cultural/Folclórico,Santo Antônio do Pinhal/SP,"width=device-width, initial-scale=1"
126,Caipiratuba,2024-07-05,Junino,Piratuba/SC,"width=device-width, initial-scale=1"
127,Arraiá da Integração,2024-07-05,Junino,Lucas do Rio Verde/MT,"width=device-width, initial-scale=1"
128,31ª FESTA DO PRODUTOR RURAL DE JAGUARÉ E FEIRA DE AGRONEGÓCIOS,2024-07-05,Comercial ou Promocional,Jaguaré/ES,"width=device-width, initial-scale=1"
129,ITA CHITÃO- FESTIVAL JUNINO DE ITAREMA,2024-07-05,Artístico/Cultural/Folclórico,Itarema/CE,"width=device-width, initial-scale=1"
130,Picos Pro Race 2024,2024-07-05,Esportivo,Picos/PI,"width=device-width, initial-scale=1"
131,XV - ARRAIÁ DO TIO JOÃO,2024-07-05,Junino,Luziânia/GO,"width=device-width, initial-scale=1"
132,Festa da Colônia,2024-07-05,Artístico/Cultural/Folclórico,Candelária/RS,"width=device-width, initial-scale=1"
133,4º Rasta Pé do Gavião - Umarizal/RN,2024-07-05,Junino,Umarizal/RN,"width=device-width, initial-scale=1"
134,Verão Bragança Ajurusol,2024-07-05,Outro,Bragança/PA,"width=device-width, initial-scale=1"
135,Festival de Música Caipira 2024,2024-07-05,Artístico/Cultural/Folclórico,Brotas/SP,"width=device-width, initial-scale=1"
136,Festa da Tainha,2024-07-05,Gastronômico,Praia Grande/SP,"width=device-width, initial-scale=1"
137,3° Festa da Tainha -  Palhoça/SC,2024-07-06,Artístico/Cultural/Folclórico,Palhoça/SC,"width=device-width, initial-scale=1"
138,9º PRIDE BÚZIOS,2024-07-06,Artístico/Cultural/Folclórico,Armação dos Búzios/RJ,"width=device-width, initial-scale=1"
139,Aniversário de Bragança,2024-07-06,Outro,Bragança/PA,"width=device-width, initial-scale=1"
140,Festa Julina,2024-07-06,Artístico/Cultural/Folclórico,Serra Negra/SP,"width=device-width, initial-scale=1"
141,27ª Festival das Cerejeiras Bunkyos,2024-07-06,Artístico/Cultural/Folclórico,São Roque/SP,"width=device-width, initial-scale=1"
142,FESTA DA PADROEIRA “NOSSA SENHORA DO CARMO”,2024-07-06,Religioso,Parintins/AM,"width=device-width, initial-scale=1"
143,"CasaCor Minas 2024 - “De presente, o Agora”",2024-07-06,Artístico/Cultural/Folclórico,Belo Horizonte/MG,"width=device-width, initial-scale=1"
144,PASSEIO CICLÍSTICO,2024-07-07,Ecoturismo,Porto dos Gaúchos/MT,"width=device-width, initial-scale=1"
145,Grande Encontro de Violeiros em Brotas,2024-07-07,Artístico/Cultural/Folclórico,Brotas/SP,"width=device-width, initial-scale=1"
146,Festival Café Cultural,2024-07-11,Artístico/Cultural/Folclórico,Taquaritinga do Norte/PE,"width=device-width, initial-scale=1"
147,Festival de Inverno São Roque 2024,2024-07-11,Artístico/Cultural/Folclórico,São Roque/SP,"width=device-width, initial-scale=1"
148,XXXI Festa Virakopos,2024-07-12,Artístico/Cultural/Folclórico,Pocrane/MG,"width=device-width, initial-scale=1"
149,Campeonato de Futsal,2024-07-12,Esportivo,São Domingos/SE,"width=device-width, initial-scale=1"
150,Festa do Milho,2024-07-12,Gastronômico,São Pedro da Aldeia/RJ,"width=device-width, initial-scale=1"
151,60ª FESTA DA JUVENTUDE - SANTANA DO IPANEMA/AL,2024-07-12,Artístico/Cultural/Folclórico,Santana do Ipanema/AL,"width=device-width, initial-scale=1"
152,ROCK RIO PARDO,2024-07-12,Artístico/Cultural/Folclórico,Santa Cruz do Rio Pardo/SP,"width=device-width, initial-scale=1"
153,MIRACAXI,2024-07-12,Artístico/Cultural/Folclórico,Miracema do Tocantins/TO,"width=device-width, initial-scale=1"
154,Festival de Inverno de Poços de Caldas,2024-07-12,Artístico/Cultural/Folclórico,Poços de Caldas/MG,"width=device-width, initial-scale=1"
155,30ª Festa Colonial de Canela,2024-07-12,Rural,Canela/RS,"width=device-width, initial-scale=1"
156,Férias Kids,2024-07-13,Outro,Piratuba/SC,"width=device-width, initial-scale=1"
157,SERENATA ITALIANA,2024-07-13,Artístico/Cultural/Folclórico,Venda Nova do Imigrante/ES,"width=device-width, initial-scale=1"
158,FEIRA TURÍSTICA E CULTURAL DO XARÉU,2024-07-13,Outro,Arraial do Cabo/RJ,"width=device-width, initial-scale=1"
159,Concurso da Escolha da Rainha,2024-07-13,Artístico/Cultural/Folclórico,Pirajuba/MG,"width=device-width, initial-scale=1"
160,Crochetaço Circuito das Águas,2024-07-13,Artístico/Cultural/Folclórico,Serra Negra/SP,"width=device-width, initial-scale=1"
161,FECIN  (Festival de Cervejas de Inverno),2024-07-13,Gastronômico,Guarapuava/PR,"width=device-width, initial-scale=1"
162,Parada do Orgulho LGBTQIAP+,2024-07-14,Artístico/Cultural/Folclórico,Salto/SP,"width=device-width, initial-scale=1"
163,PINDORECANA,2024-07-14,Artístico/Cultural/Folclórico,Pindoretama/CE,"width=device-width, initial-scale=1"
164,Aniversário da cidade,2024-07-15,Outro,Pedro Afonso/TO,"width=device-width, initial-scale=1"
165,41º Festival de Dança de Joinville,2024-07-15,Artístico/Cultural/Folclórico,Joinville/SC,"width=device-width, initial-scale=1"
166,FESTEJO DE NOSSA SENHORA DO PERPÉTUO SOCORRO,2024-07-16,Artístico/Cultural/Folclórico,Filadélfia/TO,"width=device-width, initial-scale=1"
167,Férias no Museu,2024-07-16,Artístico/Cultural/Folclórico,Praia Grande/SP,"width=device-width, initial-scale=1"
168,IV Encontro dos Guias Caracterizados.,2024-07-17,Artístico/Cultural/Folclórico,Miguel Pereira/RJ,"width=device-width, initial-scale=1"
169,Festival Ópera da Serra da Capivara,2024-07-17,Artístico/Cultural/Folclórico,São Raimundo Nonato/PI,"width=device-width, initial-scale=1"
170,Enflor e Garden Fair,2024-07-18,Comercial ou Promocional,Holambra/SP,"width=device-width, initial-scale=1"
171,JIJOCA JERI JUNINO,2024-07-18,Junino,Jijoca de Jericoacoara/CE,"width=device-width, initial-scale=1"
172,Festa country e São-Geraldenses ausentes,2024-07-18,Artístico/Cultural/Folclórico,São Geraldo/MG,"width=device-width, initial-scale=1"
173,CHOCOLAT BAHIA - FESTIVAL INTERNACIONAL DO CHOCOLATE E CACAU,2024-07-18,Outro,Ilhéus/BA,"width=device-width, initial-scale=1"
174,51º Festival Internacional de Folclore,2024-07-18,Artístico/Cultural/Folclórico,Nova Petrópolis/RS,"width=device-width, initial-scale=1"
175,SEXTA CULTURAL,2024-07-19,Artístico/Cultural/Folclórico,Paraíso do Tocantins/TO,"width=device-width, initial-scale=1"
176,Fest Julho,2024-07-19,Artístico/Cultural/Folclórico,Novo Oriente de Minas/MG,"width=device-width, initial-scale=1"
177,16° FESTA DA AMIZADE BOM JESUS DE PIRAPETINGA,2024-07-19,Artístico/Cultural/Folclórico,Caputira/MG,"width=device-width, initial-scale=1"
178,MINEIRIDADES,2024-07-19,Gastronômico,Santo Antônio do Monte/MG,"width=device-width, initial-scale=1"
179,117 ª Festa em Louvor a Nossa Senhora da Abadia,2024-07-19,Religioso,Pirajuba/MG,"width=device-width, initial-scale=1"
180,FEIRA TURÍSTICA E CULTURAL DA MASSAMBABA,2024-07-20,Outro,Arraial do Cabo/RJ,"width=device-width, initial-scale=1"
181,Cavalgada e Queima do Alho de Ariquemes,2024-07-20,Artístico/Cultural/Folclórico,Ariquemes/RO,"width=device-width, initial-scale=1"
182,Festa do Agricultor,2024-07-20,Rural,Piratuba/SC,"width=device-width, initial-scale=1"
183,XLV EXPOAGRA - Exposição Agropecuária de Grajaú,2024-07-20,Artístico/Cultural/Folclórico,Grajaú/MA,"width=device-width, initial-scale=1"
184,2° Festival Internacional de Música de Novo Hamburgo - FeMusiK,2024-07-20,Artístico/Cultural/Folclórico,Novo Hamburgo/RS,"width=device-width, initial-scale=1"
185,Aniversário de Paranaguá - 376 anos / FEJUPA - Festa Julina de Paran...,2024-07-20,Social/Cívico/Histórico,Paranaguá/PR,"width=device-width, initial-scale=1"
186,Zeskamp,2024-07-21,Rural,Holambra/SP,"width=device-width, initial-scale=1"
187,25ª Parada do Orgulho LGBTQIAPN,2024-07-21,Artístico/Cultural/Folclórico,Belo Horizonte/MG,"width=device-width, initial-scale=1"
188,23ª CAMINHADA ECOCULTURAL DE VIANA,2024-07-21,Artístico/Cultural/Folclórico,Viana/ES,"width=device-width, initial-scale=1"
189,5ª Edição do Festival de Inverno de Peirópolis,2024-07-22,Artístico/Cultural/Folclórico,Uberaba/MG,"width=device-width, initial-scale=1"
190,TEATRO: O MASSACRE DE ANGICO - A MORTE DE LAMPIÃO,2024-07-24,Artístico/Cultural/Folclórico,Serra Talhada/PE,"width=device-width, initial-scale=1"
191,EXPO RONDON,2024-07-24,Artístico/Cultural/Folclórico,Marechal Cândido Rondon/PR,"width=device-width, initial-scale=1"
192,LGBT+ TURISMO EXPO,2024-07-25,Outro,São Paulo/SP,"width=device-width, initial-scale=1"
193,Festa de Sant'Anna - Padroeira da Cidade,2024-07-26,Religioso,Armação dos Búzios/RJ,"width=device-width, initial-scale=1"
194,Feira de Artesanato e Economia Criativa - FEIRARTE,2024-07-26,Artístico/Cultural/Folclórico,Nhamundá/AM,"width=device-width, initial-scale=1"
195,GASTROFEST TAPUIA,2024-07-26,Gastronômico,Sítio Novo/RN,"width=device-width, initial-scale=1"
196,11º Encontro de Motos e Triciclos - Stone Motors,2024-07-26,Outro,Pedrinhas Paulista/SP,"width=device-width, initial-scale=1"
197,FESTIVAL FOLCLÓRICO DO MOCAMBO DO ARARI,2024-07-26,Artístico/Cultural/Folclórico,Parintins/AM,"width=device-width, initial-scale=1"
198,Feira do Amendoim de Borborema - 5ª Edição,2024-07-26,Artístico/Cultural/Folclórico,Borborema/SP,"width=device-width, initial-scale=1"
199,Festa do Divino Espírito Santo - Distrito de Laras,2024-07-26,Religioso,Laranjal Paulista/SP,"width=device-width, initial-scale=1"
200,VIII Festival de Bandas e Fanfarras de Jaguaré,2024-07-27,Artístico/Cultural/Folclórico,Jaguaré/ES,"width=device-width, initial-scale=1"
201,III Festival Gastronômico do Cordeiro raça Morada Nova,2024-07-27,Gastronômico,Morada Nova/CE,"width=device-width, initial-scale=1"
202,ITA FÉRIAS,2024-07-27,Social/Cívico/Histórico,Itarema/CE,"width=device-width, initial-scale=1"
203,Brotas Run - 2º etapa,2024-07-27,Esportivo,Brotas/SP,"width=device-width, initial-scale=1"
204,39ª Expoari - Exposição Agropecuária de Ariquemes,2024-07-27,Artístico/Cultural/Folclórico,Ariquemes/RO,"width=device-width, initial-scale=1"
205,Fenal - Festa Nacional do Leitão Assado,2024-07-28,Gastronômico,Concórdia/SC,"width=device-width, initial-scale=1"
206,6º Festival de Música Sertaneja Raiz de Borborema,2024-07-28,Artístico/Cultural/Folclórico,Borborema/SP,"width=device-width, initial-scale=1"
207,Concurso do Maior Comedor de Paçoca,2024-07-28,Gastronômico,Borborema/SP,"width=device-width, initial-scale=1"
208,CORRIDA TURISTICA,2024-07-28,Artístico/Cultural/Folclórico,Holambra/SP,"width=device-width, initial-scale=1"
209,Entrada dos Carros de Lenha,2024-07-28,Artístico/Cultural/Folclórico,São Roque/SP,"width=device-width, initial-scale=1"
210,Agroari - Feira de agronegócios de Ariquemes,2024-07-28,Comercial ou Promocional,Ariquemes/RO,"width=device-width, initial-scale=1"
211,Piet Schoenmaker,2024-07-29,Artístico/Cultural/Folclórico,Holambra/SP,"width=device-width, initial-scale=1"
212,Encontro Carros Antigos,2024-07-30,Outro,Piratuba/SC,"width=device-width, initial-scale=1"
213,FEMUPP,2024-07-31,Artístico/Cultural/Folclórico,Paraíso do Tocantins/TO,"width=device-width, initial-scale=1"
214,FLIC MACACU - FESTA LITERÁTRIA,2024-08-01,Artístico/Cultural/Folclórico,Cachoeiras de Macacu/RJ,"width=device-width, initial-scale=1"
215,EXPOSAMONTE,2024-08-01,Rural,Santo Antônio do Monte/MG,"width=device-width, initial-scale=1"
216,Expolucas,2024-08-01,Artístico/Cultural/Folclórico,Lucas do Rio Verde/MT,"width=device-width, initial-scale=1"
217,XXVIII Exposição Agropecuária de Morada Nova (EXPONOVA),2024-08-01,Rural,Morada Nova/CE,"width=device-width, initial-scale=1"
218,Festa Incanto Trentino,2024-08-01,Artístico/Cultural/Folclórico,Nova Trento/SC,"width=device-width, initial-scale=1"
219,Fescaf - Festival da Canção de Alta Florest,2024-08-01,Artístico/Cultural/Folclórico,Alta Floresta/MT,"width=device-width, initial-scale=1"
220,Abertura do Agosto Cinza,2024-08-01,Ecoturismo,Paraíso do Tocantins/TO,"width=device-width, initial-scale=1"
221,7º Festival Gastronômico de Córrego Fundo,2024-08-02,Gastronômico,Córrego Fundo/MG,"width=device-width, initial-scale=1"
222,FESTIVAL DE INVERNO DE SERRA DE SÃO BENTO,2024-08-02,Artístico/Cultural/Folclórico,Serra de São Bento/RN,"width=device-width, initial-scale=1"
223,O FESPEVA- Festival de Pesca do Vale do Arinos,2024-08-02,Ecoturismo,Porto dos Gaúchos/MT,"width=device-width, initial-scale=1"
224,42ª Franchising Fair - Feira Nacional de Franquias,2024-08-02,Comercial ou Promocional,Belo Horizonte/MG,"width=device-width, initial-scale=1"
225,Festival de Inverno de Serra de São Bento,2024-08-02,Artístico/Cultural/Folclórico,Serra de São Bento/RN,"width=device-width, initial-scale=1"
226,DEGUSTA BÚZIOS,2024-08-02,Gastronômico,Armação dos Búzios/RJ,"width=device-width, initial-scale=1"
227,Festa do Roupão,2024-08-03,Outro,Piratuba/SC,"width=device-width, initial-scale=1"
228,4º Airão Man - Triathlon no Parque Nacional de Anavilhanas,2024-08-03,Esportivo,Novo Airão/AM,"width=device-width, initial-scale=1"
229,Viva São Roque,2024-08-03,Artístico/Cultural/Folclórico,São Roque/SP,"width=device-width, initial-scale=1"
230,Festa da Padroeira Nossa Senhora do bom Sucesso,2024-08-03,Religioso,Paranapanema/SP,"width=device-width, initial-scale=1"
231,Semana Cultural Italiana,2024-08-04,Artístico/Cultural/Folclórico,Jaguaré/ES,"width=device-width, initial-scale=1"
232,Semana do Turismo Responsável,2024-08-05,Científico ou Técnico,Tocantínia/TO,"width=device-width, initial-scale=1"
233,Festa da Padroeira de Nossa Senhora da Guia,2024-08-05,Religioso,Acari/RN,"width=device-width, initial-scale=1"
234,Agroleite Castrolanda,2024-08-06,Científico ou Técnico,Castro/PR,"width=device-width, initial-scale=1"
235,24ª FENARROZ - Multifeira do Agronegócio,2024-08-06,Comercial ou Promocional,Cachoeira do Sul/RS,"width=device-width, initial-scale=1"
236,Macarronada de São Donato,2024-08-07,Religioso,Pedrinhas Paulista/SP,"width=device-width, initial-scale=1"
237,O Legado de Rita de Cássia,2024-08-07,Artístico/Cultural/Folclórico,Alto Santo/CE,"width=device-width, initial-scale=1"
238,"Festa do Frango, Polenta e Vinho de Santa Felicidade",2024-08-07,Gastronômico,Curitiba/PR,"width=device-width, initial-scale=1"
239,DESFILE CÍVICO DE EMANCIPAÇÃO POLÍTICA DE MURITIBA,2024-08-08,Social/Cívico/Histórico,Muritiba/BA,"width=device-width, initial-scale=1"
240,Mostra de Dança de Praia Grande,2024-08-08,Artístico/Cultural/Folclórico,Praia Grande/SP,"width=device-width, initial-scale=1"
241,1º Festival de Chocolate da Chapada Diamantina,2024-08-08,Gastronômico,Mucugê/BA,"width=device-width, initial-scale=1"
242,FLIC- Feira Literária de Cruzeiro-SP,2024-08-09,Artístico/Cultural/Folclórico,Cruzeiro/SP,"width=device-width, initial-scale=1"
243,FESTIVAL DE PESCA ESPORTIVA DO TUCUNARÉ NO LAGO DO RIO JATAPU,2024-08-09,Esportivo,Caroebe/RR,"width=device-width, initial-scale=1"
244,XVI Encontro de Veículos Antigos,2024-08-09,Artístico/Cultural/Folclórico,Piratuba/SC,"width=device-width, initial-scale=1"
245,Festival Gastronômico de Trindade,2024-08-09,Gastronômico,Trindade/GO,"width=device-width, initial-scale=1"
246,Festival Gastronômico,2024-08-09,Gastronômico,Trindade/GO,"width=device-width, initial-scale=1"
247,Festival de Cinema de Gramado,2024-08-09,Artístico/Cultural/Folclórico,Gramado/RS,"width=device-width, initial-scale=1"
248,Festividade de Nossa Senhora da Assunção,2024-08-09,Religioso,Nhamundá/AM,"width=device-width, initial-scale=1"
249,Festa do caminhoneiro,2024-08-10,Artístico/Cultural/Folclórico,São Domingos/SE,"width=device-width, initial-scale=1"
250,Mercado das Pulgas,2024-08-10,Comercial ou Promocional,Holambra/SP,"width=device-width, initial-scale=1"
251,Cavalgada das Patroas,2024-08-10,Rural,Pingo-D'Água/MG,"width=device-width, initial-scale=1"
252,FEIRA TURÍSTICA E CULTURAL DO XARÉU,2024-08-10,Outro,Arraial do Cabo/RJ,"width=device-width, initial-scale=1"
253,FESTA DE SANTA HELENA,2024-08-10,Religioso,Caputira/MG,"width=device-width, initial-scale=1"
254,Feira Agropecuária - AGROPEC,2024-08-10,Rural,Paragominas/PA,"width=device-width, initial-scale=1"
255,Festival Folclórico de Humaitá/MANGABAFEST,2024-08-11,Artístico/Cultural/Folclórico,Humaitá/AM,"width=device-width, initial-scale=1"
256,Interplast 2024 - Feira do Plástico,2024-08-13,Científico ou Técnico,Joinville/SC,"width=device-width, initial-scale=1"
257,"FECONEX - Feira da Conexão entre o Agro, Indústria, Comércio e Serv...",2024-08-14,Comercial ou Promocional,Sete Lagoas/MG,"width=device-width, initial-scale=1"
258,EXPOAQUI,2024-08-14,Artístico/Cultural/Folclórico,Aquidauana/MS,"width=device-width, initial-scale=1"
259,Brotas Gourmet  2024 - 11ª Edição,2024-08-15,Gastronômico,Brotas/SP,"width=device-width, initial-scale=1"
260,Stock Car - Etapa BH 2024,2024-08-15,Esportivo,Belo Horizonte/MG,"width=device-width, initial-scale=1"
261,Travel Next Minas,2024-08-16,Comercial ou Promocional,Belo Horizonte/MG,"width=device-width, initial-scale=1"
262,Festa Nipo Brasileira,2024-08-17,Gastronômico,Salto/SP,"width=device-width, initial-scale=1"
263,VII Desafio Termas Piratuba de Cicloturismo,2024-08-17,Esportivo,Piratuba/SC,"width=device-width, initial-scale=1"
264,5º CICLOTURISMO DE MURITIBA,2024-08-18,Ecoturismo,Muritiba/BA,"width=device-width, initial-scale=1"
265,3ª Corrida do Agro de Casa Grande,2024-08-18,Esportivo,Casa Grande/MG,"width=device-width, initial-scale=1"
266,Festa de Agosto,2024-08-21,Religioso,Várzea Alegre/CE,"width=device-width, initial-scale=1"
267,Festa do Folclore com Bandas de Congo,2024-08-22,Artístico/Cultural/Folclórico,Vila Velha/ES,"width=device-width, initial-scale=1"
268,FESTA DA CIDADE,2024-08-22,Artístico/Cultural/Folclórico,Caputira/MG,"width=device-width, initial-scale=1"
269,11º BÚZIOS BIKER FEST,2024-08-22,Esportivo,Armação dos Búzios/RJ,"width=device-width, initial-scale=1"
270,CHOCOLAT AMAZÔNIA - FESTIVAL INTERNACIONAL DO CHOCOLATE E CACAU,2024-08-22,Outro,Belém/PA,"width=device-width, initial-scale=1"
271,Festival de Inverno,2024-08-23,Artístico/Cultural/Folclórico,Mar Vermelho/AL,"width=device-width, initial-scale=1"
272,Festa Nacional do Fandango Caiçara,2024-08-23,Artístico/Cultural/Folclórico,Paranaguá/PR,"width=device-width, initial-scale=1"
273,EXPOLAJES,2024-08-23,Comercial ou Promocional,Lajes/RN,"width=device-width, initial-scale=1"
274,Trekker Trek,2024-08-23,Artístico/Cultural/Folclórico,Holambra/SP,"width=device-width, initial-scale=1"
275,3ª Edição da Exposição Vale dos Dinossauros,2024-08-23,Artístico/Cultural/Folclórico,Cruzeiro do Oeste/PR,"width=device-width, initial-scale=1"
276,Feira Medieval,2024-08-24,Artístico/Cultural/Folclórico,Vila Velha/ES,"width=device-width, initial-scale=1"
277,Marcha da Paz,2024-08-24,Religioso,São Roque/SP,"width=device-width, initial-scale=1"
278,FEIRA TURÍSTICA E CULTURAL DA MASSAMBABA,2024-08-24,Outro,Arraial do Cabo/RJ,"width=device-width, initial-scale=1"
279,5º GP de Rolimã,2024-08-24,Esportivo,Cariacica/ES,"width=device-width, initial-scale=1"
280,Festa Literária de Glória - FLIG,2024-08-27,Artístico/Cultural/Folclórico,Nossa Senhora da Glória/SE,"width=device-width, initial-scale=1"
281,SALÃO DO ARTESANATO - RAÍZES BRASILEIRAS - EDIÇÃO SP,2024-08-28,Artístico/Cultural/Folclórico,São Paulo/SP,"width=device-width, initial-scale=1"
282,FIRE Festival,2024-08-29,Científico ou Técnico,Belo Horizonte/MG,"width=device-width, initial-scale=1"
283,III Festival gastronômico do Camarão de Morada Nova,2024-08-30,Gastronômico,Morada Nova/CE,"width=device-width, initial-scale=1"
284,Molokabra Downwind 6ª Edição,2024-08-30,Esportivo,Fortaleza/CE,"width=device-width, initial-scale=1"
285,41ª Expoflora,2024-08-30,Artístico/Cultural/Folclórico,Holambra/SP,"width=device-width, initial-scale=1"
286,Haka Race 2024,2024-08-31,Esportivo,Brotas/SP,"width=device-width, initial-scale=1"
287,9ª Festa das Águas Termais,2024-08-31,Artístico/Cultural/Folclórico,Salgadinho/PE,"width=device-width, initial-scale=1"
288,Acampamento Farroupilha de Sapiranga,2024-08-31,Artístico/Cultural/Folclórico,Sapiranga/RS,"width=device-width, initial-scale=1"
289,7ª CAVALGADA DA INDEPENDÊNCIA,2024-09-01,Artístico/Cultural/Folclórico,Aquiraz/CE,"width=device-width, initial-scale=1"
290,LANCAMENTO FESTIVAL DO CHAMBARI,2024-09-01,Gastronômico,Paraíso do Tocantins/TO,"width=device-width, initial-scale=1"
291,Cavalgada,2024-09-01,Artístico/Cultural/Folclórico,Pirajuba/MG,"width=device-width, initial-scale=1"
292,55º Jogos Alusivos à Semana da Pátria 2024,2024-09-01,Esportivo,Bragança/PA,"width=device-width, initial-scale=1"
293,Temporada de Esportes Radicais,2024-09-01,Esportivo,Jaciara/MT,"width=device-width, initial-scale=1"
294,37ª Festa do Peão,2024-09-04,Artístico/Cultural/Folclórico,Pirajuba/MG,"width=device-width, initial-scale=1"
295,"Festejos da ""Exaltação da Santa Cruz""",2024-09-05,Religioso,Santa Cruz dos Milagres/PI,"width=device-width, initial-scale=1"
296,Festival de Chorinho Canela Verde,2024-09-06,Artístico/Cultural/Folclórico,Vila Velha/ES,"width=device-width, initial-scale=1"
297,Festa de Setembro,2024-09-06,Artístico/Cultural/Folclórico,Alto Jequitibá/MG,"width=device-width, initial-scale=1"
298,Romaria ao Santuário de Nossa Senhora da Conceição Montesina,2024-09-06,Religioso,Monte Alto/SP,"width=device-width, initial-scale=1"
299,Praia Games,2024-09-06,Artístico/Cultural/Folclórico,Praia Grande/SP,"width=device-width, initial-scale=1"
300,V Festival do Caranguejo de Aquiraz,2024-09-06,Gastronômico,Aquiraz/CE,"width=device-width, initial-scale=1"
301,Festa do Salto,2024-09-06,Gastronômico,Salto/SP,"width=device-width, initial-scale=1"
302,Festival de Teatro de Praia Grande,2024-09-06,Artístico/Cultural/Folclórico,Praia Grande/SP,"width=device-width, initial-scale=1"
303,Festival da Primavera,2024-09-06,Outro,Nova Petrópolis/RS,"width=device-width, initial-scale=1"
304,Tradicional Desfile do Dia da Independência,2024-09-07,Social/Cívico/Histórico,Morada Nova/CE,"width=device-width, initial-scale=1"
305,FEIRA TURÍSTICA E CULTURAL DO XARÉU,2024-09-07,Outro,Arraial do Cabo/RJ,"width=device-width, initial-scale=1"
306,Desfile de 7 de Setembro,2024-09-07,Social/Cívico/Histórico,Guarapuava/PR,"width=device-width, initial-scale=1"
307,30ª Cavalgada da Independência,2024-09-07,Social/Cívico/Histórico,São Pedro da Aldeia/RJ,"width=device-width, initial-scale=1"
308,Desfile Cívico Cultural em Jaguaré,2024-09-07,Social/Cívico/Histórico,Jaguaré/ES,"width=device-width, initial-scale=1"
309,Trirex Endurance 2024 - 2ª Etapa,2024-09-07,Esportivo,Brotas/SP,"width=device-width, initial-scale=1"
310,Semana Municipal do Evangélico,2024-09-08,Religioso,Lajes/RN,"width=device-width, initial-scale=1"
311,Exposibram 2024,2024-09-09,Científico ou Técnico,Belo Horizonte/MG,"width=device-width, initial-scale=1"
312,Festival de Cultura e Gastronomia de Gramado,2024-09-11,Artístico/Cultural/Folclórico,Gramado/RS,"width=device-width, initial-scale=1"
313,PANTANETA - Carnaval fora de época,2024-09-13,Artístico/Cultural/Folclórico,Aquidauana/MS,"width=device-width, initial-scale=1"
314,FESTIVAL DE VERÃO DO CABURI,2024-09-13,Outro,Parintins/AM,"width=device-width, initial-scale=1"
315,FESTIVAL DA SARDINHA,2024-09-13,Gastronômico,Armação dos Búzios/RJ,"width=device-width, initial-scale=1"
316,Copa Vela,2024-09-13,Esportivo,Paulo Afonso/BA,"width=device-width, initial-scale=1"
317,Festival Romeu e Julieta,2024-09-13,Gastronômico,Brasópolis/MG,"width=device-width, initial-scale=1"
318,Maratona UPHILL SERRA DO RIO DO RASTRO 2024,2024-09-14,Esportivo,Lauro Müller/SC,"width=device-width, initial-scale=1"
319,MISSA SOLENIDADE EXALTAÇÃO DA SANTA CRUZ,2024-09-14,Religioso,Paraíso do Tocantins/TO,"width=device-width, initial-scale=1"
320,OLD CAR SANTA CRUZ - ENCONTRO DE CARROS ANTIGOS,2024-09-14,Artístico/Cultural/Folclórico,Santa Cruz do Rio Pardo/SP,"width=device-width, initial-scale=1"
321,Brotas Rock 2024,2024-09-14,Artístico/Cultural/Folclórico,Brotas/SP,"width=device-width, initial-scale=1"
322,Festival Ananin de Gastronomia,2024-09-14,Gastronômico,Ananindeua/PA,"width=device-width, initial-scale=1"
323,TORNEIO DE PESCA DAS ÁGUAS THERMAIS,2024-09-14,Esportivo,Jataí/GO,"width=device-width, initial-scale=1"
324,3° Encontro de Carros Antigos de Bicas,2024-09-15,Outro,Bicas/MG,"width=device-width, initial-scale=1"
325,5ª etapa do 8º Circuito Regional de Cicloturismo - Foz do Iguaçu,2024-09-15,Esportivo,Foz do Iguaçu/PR,"width=device-width, initial-scale=1"
326,"Festival Internacional de Cultura, Artes e Teatro (Ficate)",2024-09-16,Artístico/Cultural/Folclórico,Rio Branco/AC,"width=device-width, initial-scale=1"
327,CAMINHADA NA NATUREZA – CIRCUITO TERRA NOVA,2024-09-17,Ecoturismo,Castro/PR,"width=device-width, initial-scale=1"
328,"O Quilo é nosso - As Joias de Goiás – Mandioca, Milho, Açafrão d...",2024-09-17,Gastronômico,Goiânia/GO,"width=device-width, initial-scale=1"
329,Pet Stop,2024-09-18,Outro,Praia Grande/SP,"width=device-width, initial-scale=1"
330,IRRIGASHOW,2024-09-18,Rural,Paranapanema/SP,"width=device-width, initial-scale=1"
331,ID 360 - Marketing por dados,2024-09-19,Científico ou Técnico,Belo Horizonte/MG,"width=device-width, initial-scale=1"
332,Festival do Chambari,2024-09-19,Gastronômico,Paraíso do Tocantins/TO,"width=device-width, initial-scale=1"
333,Festejo do Nosso Senhor do Bonfim,2024-09-20,Religioso,Aurora do Tocantins/TO,"width=device-width, initial-scale=1"
334,FEIRA TURÍSTICA E CULTURAL DA MASSAMBABA,2024-09-21,Outro,Arraial do Cabo/RJ,"width=device-width, initial-scale=1"
335,Tepequém Up - Corrida na Amazônia,2024-09-21,Esportivo,Amajari/RR,"width=device-width, initial-scale=1"
336,Festa D'Itália,2024-09-21,Artístico/Cultural/Folclórico,Serra Negra/SP,"width=device-width, initial-scale=1"
337,EXPOHUMA - Exposição Agropecuária de Humaitá/AM,2024-09-21,Comercial ou Promocional,Humaitá/AM,"width=device-width, initial-scale=1"
338,195º Kerb de São Miguel,2024-09-21,Artístico/Cultural/Folclórico,Dois Irmãos/RS,"width=device-width, initial-scale=1"
339,EQUINÓCIO DE PRIMAVERA,2024-09-23,Científico ou Técnico,Macapá/AP,"width=device-width, initial-scale=1"
340,Expo-Hospital Brasil e Expo-Dental,2024-09-24,Científico ou Técnico,Belo Horizonte/MG,"width=device-width, initial-scale=1"
341,Festa de São Francisco das Chagas,2024-09-24,Religioso,Canindé/CE,"width=device-width, initial-scale=1"
342,Feira do Estudante,2024-09-27,Outro,Praia Grande/SP,"width=device-width, initial-scale=1"
343,BOP GAMES,2024-09-28,Esportivo,Belo Horizonte/MG,"width=device-width, initial-scale=1"
344,FESTIVIDADE DE SÃO FRANCISCO DE ASSIS,2024-09-28,Religioso,Monte Alegre/PA,"width=device-width, initial-scale=1"
345,4° Festival Cultural das Ilhas,2024-09-29,Artístico/Cultural/Folclórico,Ananindeua/PA,"width=device-width, initial-scale=1"
346,Nova Oktober fest,2024-10-03,Artístico/Cultural/Folclórico,Nova Petrópolis/RS,"width=device-width, initial-scale=1"
347,35ª MAREJADA,2024-10-03,Gastronômico,Itajaí/SC,"width=device-width, initial-scale=1"
348,Semana do idoso,2024-10-05,Artístico/Cultural/Folclórico,Holambra/SP,"width=device-width, initial-scale=1"
349,Festa de Nossa Senhora do Rosário,2024-10-07,Religioso,Vila Velha/ES,"width=device-width, initial-scale=1"
350,ANIVERSÁRIO DE FILADÉLFIA,2024-10-07,Social/Cívico/Histórico,Filadélfia/TO,"width=device-width, initial-scale=1"
351,EMPREENDE WEEK – Soluções para o Amanhã,2024-10-07,Científico ou Técnico,Campo Mourão/PR,"width=device-width, initial-scale=1"
352,Outubro Criança,2024-10-07,Outro,Praia Grande/SP,"width=device-width, initial-scale=1"
353,Cavalgada de Pedro Afonso,2024-10-09,Outro,Pedro Afonso/TO,"width=device-width, initial-scale=1"
354,Oktoberfest Blumenau 2024,2024-10-09,Artístico/Cultural/Folclórico,Blumenau/SC,"width=device-width, initial-scale=1"
355,26º Festival Capixaba de Frutos do Mar de Iriri,2024-10-10,Gastronômico,Anchieta/ES,"width=device-width, initial-scale=1"
356,7ª Edição do Portugal em Cena,2024-10-10,Artístico/Cultural/Folclórico,Barra de São Miguel/AL,"width=device-width, initial-scale=1"
357,Traslado para Ananindeua,2024-10-11,Religioso,Ananindeua/PA,"width=device-width, initial-scale=1"
358,Semana da criança (parque infantil),2024-10-11,Artístico/Cultural/Folclórico,São Domingos/SE,"width=device-width, initial-scale=1"
359,3° Festival do Açaí de Ananindeua,2024-10-11,Gastronômico,Ananindeua/PA,"width=device-width, initial-scale=1"
360,ANIVERSÁRIO DA CIDADE,2024-10-11,Artístico/Cultural/Folclórico,Ariquemes/RO,"width=device-width, initial-scale=1"
361,FESTIVAL DO ATUM,2024-10-11,Gastronômico,Itarema/CE,"width=device-width, initial-scale=1"
362,MPBúzios,2024-10-11,Artístico/Cultural/Folclórico,Armação dos Búzios/RJ,"width=device-width, initial-scale=1"
363,XXX Festa da Pesca ao Tucunaré,2024-10-11,Esportivo,Nhamundá/AM,"width=device-width, initial-scale=1"
364,Festa da Polenta,2024-10-11,Artístico/Cultural/Folclórico,Venda Nova do Imigrante/ES,"width=device-width, initial-scale=1"
365,Romaria Rodoviária,2024-10-12,Religioso,Ananindeua/PA,"width=device-width, initial-scale=1"
366,Criança Alegre,2024-10-12,Outro,São Roque/SP,"width=device-width, initial-scale=1"
367,Brotas Beer Fest 2024,2024-10-12,Gastronômico,Brotas/SP,"width=device-width, initial-scale=1"
368,Missa do Vaqueiro,2024-10-12,Religioso,Maribondo/AL,"width=device-width, initial-scale=1"
369,MOTO PROCISSÃO,2024-10-12,Religioso,Tramandaí/RS,"width=device-width, initial-scale=1"
370,II Festival do Guaraná da AVCMN,2024-10-12,Outro,Morada Nova/CE,"width=device-width, initial-scale=1"
371,FEIRA TURÍSTICA E CULTURAL DO XARÉU,2024-10-12,Outro,Arraial do Cabo/RJ,"width=device-width, initial-scale=1"
372,DIA DAS CRIANÇAS NO PARQUE,2024-10-12,Outro,Paraíso do Tocantins/TO,"width=device-width, initial-scale=1"
373,Final do Big Biker 2024 - Mountain Bike,2024-10-12,Esportivo,Santo Antônio do Pinhal/SP,"width=device-width, initial-scale=1"
374,FESTA DO PRODUTOR RURAL COM A TRADICIONAL MISSA SERTANEJA,2024-10-13,Rural,Paraíso do Tocantins/TO,"width=device-width, initial-scale=1"
375,Aniversário de Parintins,2024-10-15,Social/Cívico/Histórico,Parintins/AM,"width=device-width, initial-scale=1"
376,Festa de Nossa Senhora dos Remédios,2024-10-15,Religioso,Ladário/MS,"width=device-width, initial-scale=1"
377,ANIVERSÁRIO DA CIDADE DE AÇU 179 ANOS DE HISTÓRIA,2024-10-16,Social/Cívico/Histórico,Açu/RN,"width=device-width, initial-scale=1"
378,CONVENTION & VISITORS BUREAUX WORLD CONFERENCE,2024-10-16,Comercial ou Promocional,Mata de São João/BA,"width=device-width, initial-scale=1"
379,VIII Congresso Sul-Brasileiro de Medicina de Família e Comunidade,2024-10-17,Científico ou Técnico,Maringá/PR,"width=device-width, initial-scale=1"
380,Festa da Padroeira,2024-10-17,Religioso,Arraial do Cabo/RJ,"width=device-width, initial-scale=1"
381,3º Gravatá MotoFest,2024-10-18,Artístico/Cultural/Folclórico,Gravatá/PE,"width=device-width, initial-scale=1"
382,Festa de Nossa Senhora das Dores,2024-10-18,Artístico/Cultural/Folclórico,Salgadinho/PE,"width=device-width, initial-scale=1"
383,Oktober Bier Festival,2024-10-18,Gastronômico,Santo Antônio do Pinhal/SP,"width=device-width, initial-scale=1"
384,SHOW ANIVERSARIO DA CIDADE,2024-10-19,Social/Cívico/Histórico,Paraíso do Tocantins/TO,"width=device-width, initial-scale=1"
385,XC RUN etapa BÚZIOS - 15ª edição,2024-10-19,Esportivo,Armação dos Búzios/RJ,"width=device-width, initial-scale=1"
386,I LOVE PEQUI,2024-10-20,Gastronômico,Aparecida/GO,"width=device-width, initial-scale=1"
387,BTM - Brazil Travel Market,2024-10-24,Outro,Fortaleza/CE,"width=device-width, initial-scale=1"
388,OKTOBERFEST,2024-10-25,Artístico/Cultural/Folclórico,Marechal Cândido Rondon/PR,"width=device-width, initial-scale=1"
389,Eco-Festival do Peixe-boi,2024-10-25,Artístico/Cultural/Folclórico,Novo Airão/AM,"width=device-width, initial-scale=1"
390,FEIRA TURÍSTICA E CULTURAL DA MASSAMBABA,2024-10-26,Outro,Arraial do Cabo/RJ,"width=device-width, initial-scale=1"
391,Aniversário da cidade,2024-10-27,Outro,Holambra/SP,"width=device-width, initial-scale=1"
392,Aniversário da cidade,2024-10-29,Outro,Aurora do Tocantins/TO,"width=device-width, initial-scale=1"
393,Abeta Summit 2024 - 21º Congresso Brasileiro de Ecoturismo e Turismo ...,2024-10-30,Ecoturismo,Foz do Iguaçu/PR,"width=device-width, initial-scale=1"
394,FEIRA TURÍSTICA E CULTURAL DA MASSAMBABA,2024-11-01,Outro,Arraial do Cabo/RJ,"width=device-width, initial-scale=1"
395,Festival da Cevada e do Malte,2024-11-01,Gastronômico,Guarapuava/PR,"width=device-width, initial-scale=1"
396,Festival de Dança da Terceira Idade,2024-11-03,Artístico/Cultural/Folclórico,Piratuba/SC,"width=device-width, initial-scale=1"
397,FLILAJES (Festival Literário de Lajes),2024-11-04,Artístico/Cultural/Folclórico,Lajes/RN,"width=device-width, initial-scale=1"
398,Festa Estadual de Nossa Senhora do Rocio,2024-11-06,Religioso,Paranaguá/PR,"width=device-width, initial-scale=1"
399,Festival de Bar em Bar,2024-11-06,Gastronômico,Goiânia/GO,"width=device-width, initial-scale=1"
400,O FESCAPO - Festival da Canção de Porto dos Gaúchos,2024-11-07,Artístico/Cultural/Folclórico,Porto dos Gaúchos/MT,"width=device-width, initial-scale=1"
401,34ª Schützenfest - Festa dos Atiradores,2024-11-07,Artístico/Cultural/Folclórico,Jaraguá do Sul/SC,"width=device-width, initial-scale=1"
402,Salão de Artes Plásticas de Praia Grande,2024-11-07,Artístico/Cultural/Folclórico,Praia Grande/SP,"width=device-width, initial-scale=1"
403,TEJUBODE - FEIRA DE OVINOS E CAPRINOS DE TEJUÇUOCA,2024-11-08,Outro,Tejuçuoca/CE,"width=device-width, initial-scale=1"
404,Círio de Nossa Senhora de Nazaré,2024-11-08,Religioso,Bragança/PA,"width=device-width, initial-scale=1"
405,"Festa do ""Encontro dos Santos""",2024-11-09,Religioso,Santa Cruz dos Milagres/PI,"width=device-width, initial-scale=1"
406,VIVA MOTOCROSS ARAPIRACA,2024-11-09,Esportivo,Arapiraca/AL,"width=device-width, initial-scale=1"
407,Enduro do Caipira - Etapa Brotas,2024-11-09,Esportivo,Brotas/SP,"width=device-width, initial-scale=1"
408,FERA (Festival de Esportes Radicais),2024-11-09,Esportivo,Praia Grande/SP,"width=device-width, initial-scale=1"
409,Sul Beleza (Feira Profissional de Beleza),2024-11-09,Comercial ou Promocional,Novo Hamburgo/RS,"width=device-width, initial-scale=1"
410,39ª Festa das Rosas,2024-11-09,Artístico/Cultural/Folclórico,Sapiranga/RS,"width=device-width, initial-scale=1"
411,6ª etapa do 8º Circuito Regional de Cicloturismo - Guaíra,2024-11-10,Esportivo,Guaíra/PR,"width=device-width, initial-scale=1"
412,Cataratas Day,2024-11-11,Comercial ou Promocional,Foz do Iguaçu/PR,"width=device-width, initial-scale=1"
413,84ª Festa das Flores,2024-11-12,Artístico/Cultural/Folclórico,Joinville/SC,"width=device-width, initial-scale=1"
414,FESTA DA BANANA,2024-11-14,Artístico/Cultural/Folclórico,Caroebe/RR,"width=device-width, initial-scale=1"
415,Sicoob Mons Ultra Trail,2024-11-14,Esportivo,Nova Trento/SC,"width=device-width, initial-scale=1"
416,Natal Luzes da Serra,2024-11-14,Artístico/Cultural/Folclórico,Serra Negra/SP,"width=device-width, initial-scale=1"
417,Proclamação da República,2024-11-15,Social/Cívico/Histórico,Marechal Deodoro/AL,"width=device-width, initial-scale=1"
418,16º Festival Estadual de Bandas marciais e Musicais,2024-11-15,Artístico/Cultural/Folclórico,Cachoeira do Sul/RS,"width=device-width, initial-scale=1"
419,FEIRA TURÍSTICA E CULTURAL DO XARÉU,2024-11-15,Outro,Arraial do Cabo/RJ,"width=device-width, initial-scale=1"
420,Vieni Vivere la Vita Festival - 5ª Edição,2024-11-15,Artístico/Cultural/Folclórico,Monte Belo do Sul/RS,"width=device-width, initial-scale=1"
421,Ultra Trail Chapada Diamantina,2024-11-15,Esportivo,Mucugê/BA,"width=device-width, initial-scale=1"
422,FEIRA DE EXPOSIÇÃO AGROPECUÁRIA DE PARINTINS - EXPOPIN,2024-11-15,Outro,Parintins/AM,"width=device-width, initial-scale=1"
423,8º Brilho de Natal,2024-11-16,Artístico/Cultural/Folclórico,Piratuba/SC,"width=device-width, initial-scale=1"
424,Sonho de Natal,2024-11-16,Artístico/Cultural/Folclórico,Santa Fé do Sul/SP,"width=device-width, initial-scale=1"
425,REGATA DE CANOAS DE JERICOACOARA,2024-11-19,Esportivo,Jijoca de Jericoacoara/CE,"width=device-width, initial-scale=1"
426,Festival de Violões – Homenagem a Antônio Manzione,2024-11-19,Artístico/Cultural/Folclórico,Praia Grande/SP,"width=device-width, initial-scale=1"
427,REPARASUL,2024-11-20,Comercial ou Promocional,Novo Hamburgo/RS,"width=device-width, initial-scale=1"
428,Campeonato Morada-novense de Futsal,2024-11-22,Esportivo,Morada Nova/CE,"width=device-width, initial-scale=1"
429,Sankofa Quilombola,2024-11-23,Artístico/Cultural/Folclórico,Ananindeua/PA,"width=device-width, initial-scale=1"
430,Encontro de Carros Antigos em Brotas,2024-11-23,Artístico/Cultural/Folclórico,Brotas/SP,"width=device-width, initial-scale=1"
431,Natal Encantado,2024-11-23,Outro,Praia Grande/SP,"width=device-width, initial-scale=1"
432,Círio de Nossa Senhora das Graças,2024-11-24,Religioso,Ananindeua/PA,"width=device-width, initial-scale=1"
433,Festa de Emancipação de Monte Alegre de Sergipe,2024-11-25,Artístico/Cultural/Folclórico,Monte Alegre de Sergipe/SE,"width=device-width, initial-scale=1"
434,ESPETACULO ESCOLA DE ARTES,2024-11-26,Artístico/Cultural/Folclórico,Paraíso do Tocantins/TO,"width=device-width, initial-scale=1"
435,Natal 2024,2024-11-29,Artístico/Cultural/Folclórico,Brotas/SP,"width=device-width, initial-scale=1"
436,Abertura do Brilho de Natal,2024-11-30,Religioso,Arraial do Cabo/RJ,"width=device-width, initial-scale=1"
437,DIA MUNICIPAL DO EVANGÉLICO,2024-11-30,Religioso,Jijoca de Jericoacoara/CE,"width=device-width, initial-scale=1"
438,Natal Mágico de Holambra 2024,2024-11-30,Artístico/Cultural/Folclórico,Holambra/SP,"width=device-width, initial-scale=1"
439,Abertura do Natal com a Chegada do Papai Noel,2024-12-01,Artístico/Cultural/Folclórico,São Pedro da Aldeia/RJ,"width=device-width, initial-scale=1"
440,Fantástico Natal de Castro,2024-12-01,Artístico/Cultural/Folclórico,Castro/PR,"width=device-width, initial-scale=1"
441,Natal Na Praça,2024-12-01,Artístico/Cultural/Folclórico,Salto/SP,"width=device-width, initial-scale=1"
442,Natal Cajamar Feliz,2024-12-01,Artístico/Cultural/Folclórico,Cajamar/SP,"width=device-width, initial-scale=1"
443,Lajes em Festa,2024-12-01,Social/Cívico/Histórico,Lajes/RN,"width=device-width, initial-scale=1"
444,FOSS4G 2024 - Free and Open Source Software for Geospatial,2024-12-02,Científico ou Técnico,Belém/PA,"width=device-width, initial-scale=1"
445,Aniversário da Orla de Ananindeua,2024-12-03,Artístico/Cultural/Folclórico,Ananindeua/PA,"width=device-width, initial-scale=1"
446,CHORO E JAZZ FESTIVAL,2024-12-03,Artístico/Cultural/Folclórico,Jijoca de Jericoacoara/CE,"width=device-width, initial-scale=1"
447,FESTA DA PADROEIRA SANTA LUZIA,2024-12-03,Religioso,Jijoca de Jericoacoara/CE,"width=device-width, initial-scale=1"
448,"Encontro de Carros Antigos, Exóticos e Especiais “De Volta ao Passa...",2024-12-06,Artístico/Cultural/Folclórico,Santa Fé do Sul/SP,"width=device-width, initial-scale=1"
449,FEIRA TURÍSTICA E CULTURAL DA MASSAMBABA,2024-12-07,Outro,Arraial do Cabo/RJ,"width=device-width, initial-scale=1"
450,Abertura Temporada de Verão,2024-12-07,Outro,Piratuba/SC,"width=device-width, initial-scale=1"
451,CAVALGADA FEMININA DO LITORAL LESTE,2024-12-07,Artístico/Cultural/Folclórico,Pindoretama/CE,"width=device-width, initial-scale=1"
452,Festa do Peixe da Baleia,2024-12-07,Gastronômico,São Pedro da Aldeia/RJ,"width=device-width, initial-scale=1"
453,Festejos de Iemanjá,2024-12-07,Religioso,Praia Grande/SP,"width=device-width, initial-scale=1"
454,25ª Volta Internacional da Pampulha,2024-12-08,Esportivo,Belo Horizonte/MG,"width=device-width, initial-scale=1"
455,JERI CULTURA LONGBOARD SURF FESTIVAL,2024-12-10,Esportivo,Jijoca de Jericoacoara/CE,"width=device-width, initial-scale=1"
456,Sonho Encantado de Natal,2024-12-13,Artístico/Cultural/Folclórico,Montenegro/RS,"width=device-width, initial-scale=1"
457,Natal Iluminado,2024-12-13,Artístico/Cultural/Folclórico,Laranjal Paulista/SP,"width=device-width, initial-scale=1"
458,Natal de Amor,2024-12-13,Artístico/Cultural/Folclórico,Ananindeua/PA,"width=device-width, initial-scale=1"
459,FEIRA TURÍSTICA E CULTURAL DO XARÉU,2024-12-14,Outro,Arraial do Cabo/RJ,"width=device-width, initial-scale=1"
460,Auto de Natal,2024-12-18,Religioso,Praia Grande/SP,"width=device-width, initial-scale=1"
461,Festividade do Glorioso São Benedito,2024-12-18,Religioso,Bragança/PA,"width=device-width, initial-scale=1"
462,"Natal, Sonho e Luz 2024",2024-12-22,Artístico/Cultural/Folclórico,Alto Santo/CE,"width=device-width, initial-scale=1"
463,NATAL SOLENE DO SENHOR,2024-12-23,Religioso,Canindé/CE,"width=device-width, initial-scale=1"
464,Festa da Padroeira de Nossa Senhora do Rosário,2024-12-25,Religioso,Acari/RN,"width=device-width, initial-scale=1"
465,Réveillon Mil Sorrisos,2024-12-26,Comercial ou Promocional,Japaratinga/AL,"width=device-width, initial-scale=1"
466,FESTA DE SÃO BENEDITO E SÃO SEBASTIÃO/ENCONTRO DOS GRUPOS FOLCLORIC...,2024-12-30,Artístico/Cultural/Folclórico,Conceição da Barra/ES,"width=device-width, initial-scale=1"
467,Réveillon da Esperança,2024-12-31,Artístico/Cultural/Folclórico,Lucas do Rio Verde/MT,"width=device-width, initial-scale=1"
468,Réveillon da Cidade,2024-12-31,Outro,Nhamundá/AM,"width=device-width, initial-scale=1"
469,RÉVEILLON,2024-12-31,Artístico/Cultural/Folclórico,Jijoca de Jericoacoara/CE,"width=device-width, initial-scale=1"
470,Réveillon 2024/2025,2024-12-31,Artístico/Cultural/Folclórico,Paragominas/PA,"width=device-width, initial-scale=1"
471,Réveillon,2024-12-31,Outro,Piratuba/SC,"width=device-width, initial-scale=1"
472,Réveillon,2024-12-31,Social/Cívico/Histórico,Porto dos Gaúchos/MT,"width=device-width, initial-scale=1"
473,Réveillon 2025 de Pingo D´Água,2024-12-31,Social/Cívico/Histórico,Pingo-D'Água/MG,"width=device-width, initial-scale=1"
474,Réveillon,2024-12-31,Outro,Praia Grande/SP,"width=device-width, initial-scale=1"
475,Reveillon de Bragança,2024-12-31,Outro,Bragança/PA,"width=device-width, initial-scale=1"
476,Confraternização Universal,2024-12-31,Artístico/Cultural/Folclórico,Guarapuava/PR,"width=device-width, initial-scale=1"
477,Réveillon da Orla de Ananindeua,2024-12-31,Artístico/Cultural/Folclórico,Ananindeua/PA,"width=device-width, initial-scale=1"
